Danh má»¥c,NhÃ³m,TiÃªu Ä‘á»,File,Má»©c Ä‘á»™,Tráº¡ng thÃ¡i
ğŸ”´ CÃC Lá»–I NGHIÃŠM TRá»ŒNG,Lá»–I TRáº NG THÃI & DÃ’NG Dá»® LIá»†U,1.1.,`app/(root)/events/page.tsx`,Cao,HoÃ n thÃ nh
ğŸ”´ CÃC Lá»–I NGHIÃŠM TRá»ŒNG,Lá»–I TRáº NG THÃI & DÃ’NG Dá»® LIá»†U,1.2.,`app/(root)/profile/page.tsx`,Cao,HoÃ n thÃ nh
ğŸ”´ CÃC Lá»–I NGHIÃŠM TRá»ŒNG,Lá»–I Báº¤T Äá»’NG Bá»˜ / THá»œI GIAN,2.1.,`app/(root)/events/page.tsx`,Cao,HoÃ n thÃ nh
ğŸ”´ CÃC Lá»–I NGHIÃŠM TRá»ŒNG,Lá»–I Báº¤T Äá»’NG Bá»˜ / THá»œI GIAN,2.2.,`app/(root)/news/page.tsx`,Cao,HoÃ n thÃ nh
ğŸ”´ CÃC Lá»–I NGHIÃŠM TRá»ŒNG,Lá»–I RENDER / VÃ’NG Äá»œI REACT,3.1.,`app/(root)/news/[id]/page.tsx`,Cao,HoÃ n thÃ nh
ğŸ”´ CÃC Lá»–I NGHIÃŠM TRá»ŒNG,Lá»–I RENDER / VÃ’NG Äá»œI REACT,3.2.,`app/(root)/events/page.tsx`,Cao,HoÃ n thÃ nh
ğŸ”´ CÃC Lá»–I NGHIÃŠM TRá»ŒNG,Lá»–I RENDER / VÃ’NG Äá»œI REACT,3.3.,`app/(root)/about/page.tsx`,Cao,HoÃ n thÃ nh
ğŸ”´ CÃC Lá»–I NGHIÃŠM TRá»ŒNG,Lá»–I HYDRATION / SSR,4.1.,`app/(root)/news/[id]/page.tsx`,Cao,HoÃ n thÃ nh
ğŸ”´ CÃC Lá»–I NGHIÃŠM TRá»ŒNG,Lá»–I HYDRATION / SSR,4.2.,`app/(root)/profile/page.tsx`,Cao,HoÃ n thÃ nh
ğŸ”´ CÃC Lá»–I NGHIÃŠM TRá»ŒNG,RÃ’ Rá»ˆ Bá»˜ NHá»š,5.1.,`app/(root)/features/writing/[id]/page.tsx`,Cao,HoÃ n thÃ nh
ğŸ”´ CÃC Lá»–I NGHIÃŠM TRá»ŒNG,RÃ’ Rá»ˆ Bá»˜ NHá»š,5.2.,`app/(root)/news/page.tsx`,Cao,HoÃ n thÃ nh
ğŸ”´ CÃC Lá»–I NGHIÃŠM TRá»ŒNG,Lá»–I GIAO DIá»†N / CSS,6.1.,`app/(root)/about/page.tsx`,Cao,HoÃ n thÃ nh
ğŸ”´ CÃC Lá»–I NGHIÃŠM TRá»ŒNG,Lá»–I GIAO DIá»†N / CSS,6.2.,`app/(root)/news/[id]/page.tsx`,Cao,HoÃ n thÃ nh
ğŸ”´ CÃC Lá»–I NGHIÃŠM TRá»ŒNG,Lá»–I Báº¢O Máº¬T,7.1.,"`app/(root)/guide/page.tsx`, `app/(root)/innovation/page.tsx`",Cao,HoÃ n thÃ nh
ğŸ”´ CÃC Lá»–I NGHIÃŠM TRá»ŒNG,Lá»–I Báº¢O Máº¬T,7.2.,`app/(root)/profile/page.tsx`,Cao,HoÃ n thÃ nh
ğŸ”´ CÃC Lá»–I NGHIÃŠM TRá»ŒNG,Lá»–I Xá»¬ LÃ Lá»–I,8.1.,`app/(root)/features/vocabulary/[folderId]/page.tsx`,Cao,HoÃ n thÃ nh
ğŸ”´ CÃC Lá»–I NGHIÃŠM TRá»ŒNG,Lá»–I Xá»¬ LÃ Lá»–I,8.2.,`app/error-boundary.tsx` (new file),Cao,HoÃ n thÃ nh
ğŸ”´ CÃC Lá»–I NGHIÃŠM TRá»ŒNG,Lá»–I HIá»†U NÄ‚NG,9.1.,`app/(root)/news/page.tsx`,Cao,HoÃ n thÃ nh
ğŸ”´ CÃC Lá»–I NGHIÃŠM TRá»ŒNG,Lá»–I HIá»†U NÄ‚NG,9.2.,`app/(root)/about/page.tsx`,Cao,HoÃ n thÃ nh
ğŸ”´ CÃC Lá»–I NGHIÃŠM TRá»ŒNG,Lá»–I HIá»†U NÄ‚NG,9.3.,`app/(root)/features/writing/[id]/page.tsx`,Cao,HoÃ n thÃ nh
ğŸ”´ CÃC Lá»–I NGHIÃŠM TRá»ŒNG,Váº¤N Äá»€ CHáº¤T LÆ¯á»¢NG CODE,11.1.,`app/(root)/guide/page.tsx`,Cao,HoÃ n thÃ nh
ğŸ”´ CÃC Lá»–I NGHIÃŠM TRá»ŒNG,Váº¤N Äá»€ CHáº¤T LÆ¯á»¢NG CODE,11.2.,`app/(root)/news/page.tsx`,Cao,HoÃ n thÃ nh
ğŸŸ¡ CÃC Váº¤N Äá»€ Cáº¢NH BÃO,Thiáº¿u Tá»‘i Æ¯u HÃ³a,10.1.,`app/(root)/news/page.tsx`,Trung bÃ¬nh,HoÃ n thÃ nh
ğŸŸ¡ CÃC Váº¤N Äá»€ Cáº¢NH BÃO,Thiáº¿u Tá»‘i Æ¯u HÃ³a,10.2.,`app/(root)/events/page.tsx`,Trung bÃ¬nh,HoÃ n thÃ nh
ğŸŸ¡ CÃC Váº¤N Äá»€ Cáº¢NH BÃO,Thiáº¿u Tá»‘i Æ¯u HÃ³a,10.3.,`app/(root)/events/page.tsx`,Trung bÃ¬nh,HoÃ n thÃ nh
ğŸŸ¡ CÃC Váº¤N Äá»€ Cáº¢NH BÃO,Code Quality Issues,11.1.,`app/(root)/guide/page.tsx`,Trung bÃ¬nh,HoÃ n thÃ nh
ğŸŸ¡ CÃC Váº¤N Äá»€ Cáº¢NH BÃO,Code Quality Issues,11.2.,`app/(root)/news/page.tsx`,Trung bÃ¬nh,HoÃ n thÃ nh
ğŸŸ¢ THÃ”NG TIN / Gá»¢I Ã,Thá»±c Thi Tá»‘t Nháº¥t,12.1.,`app/(root)/about/page.tsx`,Tháº¥p,HoÃ n thÃ nh
ğŸŸ¢ THÃ”NG TIN / Gá»¢I Ã,Thá»±c Thi Tá»‘t Nháº¥t,12.2.,,Tháº¥p,HoÃ n thÃ nh
ğŸŸ¢ THÃ”NG TIN / Gá»¢I Ã,Thá»±c Thi Tá»‘t Nháº¥t,12.3.,,Tháº¥p,HoÃ n thÃ nh
ğŸ”´ CÃC Lá»–I NGHIÃŠM TRá»ŒNG - app/actions,Lá»–I Báº¢O Máº¬T,1.1.,`app/actions/theme.ts`,Cao,HoÃ n thÃ nh
ğŸ”´ CÃC Lá»–I NGHIÃŠM TRá»ŒNG - app/actions,Lá»–I Báº¢O Máº¬T,1.2.,`app/actions/theme.ts`,Cao,HoÃ n thÃ nh
ğŸ”´ CÃC Lá»–I NGHIÃŠM TRá»ŒNG - app/actions,Lá»–I Báº¢O Máº¬T,1.3.,`app/actions/theme.ts`,Cao,HoÃ n thÃ nh
ğŸ”´ CÃC Lá»–I NGHIÃŠM TRá»ŒNG - app/actions,Lá»–I Báº¤T Äá»’NG Bá»˜ / THá»œI GIAN,2.1.,`app/context/ThemeContext.tsx`,Cao,HoÃ n thÃ nh
ğŸ”´ CÃC Lá»–I NGHIÃŠM TRá»ŒNG - app/actions,Lá»–I Báº¤T Äá»’NG Bá»˜ / THá»œI GIAN,2.2.,`app/context/ThemeContext.tsx`,Cao,HoÃ n thÃ nh
ğŸŸ¡ CÃC Váº¤N Äá»€ Cáº¢NH BÃO - app/actions,CODE QUALITY,3.1.,`app/actions/theme.ts`,Trung bÃ¬nh,HoÃ n thÃ nh
ğŸŸ¡ CÃC Váº¤N Äá»€ Cáº¢NH BÃO - app/actions,CODE QUALITY,3.2.,`app/actions/theme.ts`,Trung bÃ¬nh,HoÃ n thÃ nh
ğŸŸ¢ THÃ”NG TIN / Gá»¢I Ã - app/actions,BEST PRACTICES,4.1.,,Tháº¥p,HoÃ n thÃ nh
ğŸŸ¢ THÃ”NG TIN / Gá»¢I Ã - app/actions,BEST PRACTICES,4.2.,,Tháº¥p,ChÆ°a hoÃ n thÃ nh
ğŸ”´ CÃC Lá»–I NGHIÃŠM TRá»ŒNG - app/admin,Lá»–I TRáº NG THÃI & DÃ’NG Dá»® LIá»†U,1.1.,`app/admin/page.tsx`,Cao,HoÃ n thÃ nh
ğŸ”´ CÃC Lá»–I NGHIÃŠM TRá»ŒNG - app/admin,Lá»–I TRáº NG THÃI & DÃ’NG Dá»® LIá»†U,1.2.,`app/admin/page.tsx`,Cao,HoÃ n thÃ nh
ğŸ”´ CÃC Lá»–I NGHIÃŠM TRá»ŒNG - app/admin,Lá»–I Báº¤T Äá»’NG Bá»˜ / THá»œI GIAN,2.1.,`app/admin/AdminLayoutClient.tsx`,Cao,HoÃ n thÃ nh
ğŸ”´ CÃC Lá»–I NGHIÃŠM TRá»ŒNG - app/admin,Lá»–I Báº¤T Äá»’NG Bá»˜ / THá»œI GIAN,2.2.,`app/admin/AdminLayoutClient.tsx`,Cao,HoÃ n thÃ nh
ğŸ”´ CÃC Lá»–I NGHIÃŠM TRá»ŒNG - app/admin,Lá»–I Báº¢O Máº¬T,3.1.,`app/admin/layout.tsx`,Cao,HoÃ n thÃ nh
ğŸŸ¡ CÃC Váº¤N Äá»€ Cáº¢NH BÃO - app/admin,CODE QUALITY,4.1.,`app/admin/page.tsx`,Trung bÃ¬nh,HoÃ n thÃ nh
ğŸŸ¡ CÃC Váº¤N Äá»€ Cáº¢NH BÃO - app/admin,CODE QUALITY,4.2.,`app/admin/page.tsx`,Trung bÃ¬nh,HoÃ n thÃ nh
ğŸ”´ CÃC Lá»–I NGHIÃŠM TRá»ŒNG - app/api-proxy,Lá»–I Báº¢O Máº¬T,1.1.,`app/api-proxy/[...path]/route.ts`,Cao,HoÃ n thÃ nh
ğŸ”´ CÃC Lá»–I NGHIÃŠM TRá»ŒNG - app/api-proxy,Lá»–I Báº¢O Máº¬T,1.2.,`app/api-proxy/[...path]/route.ts`,Cao,HoÃ n thÃ nh
ğŸ”´ CÃC Lá»–I NGHIÃŠM TRá»ŒNG - app/api-proxy,Lá»–I Báº¢O Máº¬T,1.3.,Táº¥t cáº£ files trong `app/api-proxy`,Cao,HoÃ n thÃ nh
ğŸ”´ CÃC Lá»–I NGHIÃŠM TRá»ŒNG - app/api-proxy,Lá»–I Báº¤T Äá»’NG Bá»˜ / THá»œI GIAN,2.1.,`app/api-proxy/[...path]/route.ts`,Cao,HoÃ n thÃ nh
ğŸ”´ CÃC Lá»–I NGHIÃŠM TRá»ŒNG - app/api-proxy,Lá»–I Báº¤T Äá»’NG Bá»˜ / THá»œI GIAN,2.2.,`app/api-proxy/writing-chat-bot/generate/route.ts`,Cao,HoÃ n thÃ nh
ğŸ”´ CÃC Lá»–I NGHIÃŠM TRá»ŒNG - app/api-proxy,Lá»–I Xá»¬ LÃ Lá»–I,3.1.,Táº¥t cáº£ files trong `app/api-proxy`,Cao,HoÃ n thÃ nh
ğŸ”´ CÃC Lá»–I NGHIÃŠM TRá»ŒNG - app/api-proxy,Lá»–I Xá»¬ LÃ Lá»–I,3.2.,Táº¥t cáº£ files trong `app/api-proxy`,Cao,HoÃ n thÃ nh
ğŸŸ¡ CÃC Váº¤N Äá»€ Cáº¢NH BÃO - app/api-proxy,CODE QUALITY,4.1.,Táº¥t cáº£ files trong `app/api-proxy`,Trung bÃ¬nh,HoÃ n thÃ nh
ğŸŸ¡ CÃC Váº¤N Äá»€ Cáº¢NH BÃO - app/api-proxy,CODE QUALITY,4.2.,Táº¥t cáº£ files trong `app/api-proxy`,Trung bÃ¬nh,HoÃ n thÃ nh
ğŸ”´ CÃC Lá»–I NGHIÃŠM TRá»ŒNG - app/auth,Lá»–I Báº¢O Máº¬T,1.1.,`app/auth/page.tsx`,Cao,HoÃ n thÃ nh
ğŸ”´ CÃC Lá»–I NGHIÃŠM TRá»ŒNG - app/auth,Lá»–I Báº¢O Máº¬T,1.2.,`app/auth/page.tsx`,Cao,HoÃ n thÃ nh
ğŸ”´ CÃC Lá»–I NGHIÃŠM TRá»ŒNG - app/auth,Lá»–I Báº¢O Máº¬T,1.3.,`app/auth/page.tsx`,Cao,HoÃ n thÃ nh
ğŸ”´ CÃC Lá»–I NGHIÃŠM TRá»ŒNG - app/auth,Lá»–I Báº¢O Máº¬T,1.4.,`app/auth/page.tsx`,Cao,HoÃ n thÃ nh
ğŸ”´ CÃC Lá»–I NGHIÃŠM TRá»ŒNG - app/auth,Lá»–I TRáº NG THÃI & DÃ’NG Dá»® LIá»†U,2.1.,`app/auth/page.tsx`,Cao,HoÃ n thÃ nh
ğŸŸ¡ CÃC Váº¤N Äá»€ Cáº¢NH BÃO - app/auth,CODE QUALITY,3.1.,`app/auth/page.tsx`,Trung bÃ¬nh,HoÃ n thÃ nh
ğŸŸ¡ CÃC Váº¤N Äá»€ Cáº¢NH BÃO - app/auth,CODE QUALITY,3.2.,`app/auth/page.tsx`,Trung bÃ¬nh,HoÃ n thÃ nh
ğŸ”´ CÃC Lá»–I NGHIÃŠM TRá»ŒNG - app/config,Lá»–I Báº¢O Máº¬T,1.1.,`app/config/api.ts`,Cao,HoÃ n thÃ nh
ğŸ”´ CÃC Lá»–I NGHIÃŠM TRá»ŒNG - app/config,Lá»–I Báº¢O Máº¬T,1.2.,`app/config/api.ts`,Cao,HoÃ n thÃ nh
ğŸ”´ CÃC Lá»–I NGHIÃŠM TRá»ŒNG - app/config,Lá»–I Báº¢O Máº¬T,1.3.,`app/config/api.ts`,Cao,HoÃ n thÃ nh
ğŸŸ¡ CÃC Váº¤N Äá»€ Cáº¢NH BÃO - app/config,CODE QUALITY,2.1.,`app/config/api.ts`,Trung bÃ¬nh,HoÃ n thÃ nh
ğŸ”´ CÃC Lá»–I NGHIÃŠM TRá»ŒNG - app/components,Lá»–I Báº¢O Máº¬T,1.1.,`app/components/common/RichTextEditor.tsx`,Cao,HoÃ n thÃ nh
ğŸ”´ CÃC Lá»–I NGHIÃŠM TRá»ŒNG - app/components,Lá»–I Báº¢O Máº¬T,1.2.,`app/components/common/CustomInput.tsx`,Cao,HoÃ n thÃ nh
ğŸ”´ CÃC Lá»–I NGHIÃŠM TRá»ŒNG - app/components,RÃ’ Rá»ˆ Bá»˜ NHá»š,2.1.,`app/components/common/ScrollAnimation.tsx`,Cao,HoÃ n thÃ nh
ğŸ”´ CÃC Lá»–I NGHIÃŠM TRá»ŒNG - app/components,RÃ’ Rá»ˆ Bá»˜ NHá»š,2.2.,`app/components/common/RichTextEditor.tsx`,Cao,ChÆ°a hoÃ n thÃ nh
ğŸ”´ CÃC Lá»–I NGHIÃŠM TRá»ŒNG - app/components,Lá»–I HIá»†U NÄ‚NG,3.1.,`app/components/common/ScrollAnimation.tsx`,Cao,ChÆ°a hoÃ n thÃ nh
ğŸ”´ CÃC Lá»–I NGHIÃŠM TRá»ŒNG - app/components,Lá»–I HIá»†U NÄ‚NG,3.2.,`app/components/common/RichTextEditor.tsx`,Cao,ChÆ°a hoÃ n thÃ nh
ğŸŸ¡ CÃC Váº¤N Äá»€ Cáº¢NH BÃO - app/components,CODE QUALITY,4.1.,`app/components/common/PrefetchLink.tsx`,Trung bÃ¬nh,ChÆ°a hoÃ n thÃ nh
ğŸŸ¡ CÃC Váº¤N Äá»€ Cáº¢NH BÃO - app/components,CODE QUALITY,4.2.,`app/components/common/PrefetchLink.tsx`,Trung bÃ¬nh,ChÆ°a hoÃ n thÃ nh
ğŸ”´ CÃC Lá»–I NGHIÃŠM TRá»ŒNG - app/context,Lá»–I Báº¤T Äá»’NG Bá»˜ / THá»œI GIAN,1.1.,`app/context/ThemeContext.tsx`,Cao,ChÆ°a hoÃ n thÃ nh
ğŸ”´ CÃC Lá»–I NGHIÃŠM TRá»ŒNG - app/context,Lá»–I Báº¤T Äá»’NG Bá»˜ / THá»œI GIAN,1.2.,`app/context/ThemeContext.tsx`,Cao,ChÆ°a hoÃ n thÃ nh
ğŸŸ¡ CÃC Váº¤N Äá»€ Cáº¢NH BÃO - app/context,CODE QUALITY,2.1.,`app/context/ThemeContext.tsx`,Trung bÃ¬nh,ChÆ°a hoÃ n thÃ nh
ğŸ”´ CÃC Lá»–I NGHIÃŠM TRá»ŒNG - app/hooks,RÃ’ Rá»ˆ Bá»˜ NHá»š,1.1.,`app/hooks/useUserId.ts`,Cao,HoÃ n thÃ nh
ğŸ”´ CÃC Lá»–I NGHIÃŠM TRá»ŒNG - app/hooks,RÃ’ Rá»ˆ Bá»˜ NHá»š,1.2.,`app/hooks/useExamSocket.ts`,Cao,HoÃ n thÃ nh
ğŸ”´ CÃC Lá»–I NGHIÃŠM TRá»ŒNG - app/hooks,RÃ’ Rá»ˆ Bá»˜ NHá»š,1.3.,`app/hooks/useAntiCheat.ts`,Cao,HoÃ n thÃ nh
ğŸ”´ CÃC Lá»–I NGHIÃŠM TRá»ŒNG - app/hooks,Lá»–I Báº¢O Máº¬T,2.1.,`app/hooks/useAntiCheat.ts`,Cao,HoÃ n thÃ nh
ğŸ”´ CÃC Lá»–I NGHIÃŠM TRá»ŒNG - app/hooks,Lá»–I Báº¢O Máº¬T,2.2.,`app/hooks/useAntiCheat.ts`,Cao,HoÃ n thÃ nh
ğŸ”´ CÃC Lá»–I NGHIÃŠM TRá»ŒNG - app/hooks,Lá»–I Báº¤T Äá»’NG Bá»˜ / THá»œI GIAN,3.1.,`app/hooks/useFileUpload.ts`,Cao,HoÃ n thÃ nh
ğŸŸ¡ CÃC Váº¤N Äá»€ Cáº¢NH BÃO - app/hooks,CODE QUALITY,4.1.,`app/hooks/useAntiCheat.ts`,Trung bÃ¬nh,HoÃ n thÃ nh
ğŸŸ¡ CÃC Váº¤N Äá»€ Cáº¢NH BÃO - app/hooks,CODE QUALITY,4.2.,`app/hooks/useExamSocket.ts`,Trung bÃ¬nh,HoÃ n thÃ nh
ğŸ”´ CÃC Lá»–I NGHIÃŠM TRá»ŒNG - app/social,Lá»–I TRáº NG THÃI & DÃ’NG Dá»® LIá»†U,1.1.,`app/social/SocialContext.tsx`,Cao,HoÃ n thÃ nh
ğŸ”´ CÃC Lá»–I NGHIÃŠM TRá»ŒNG - app/social,Lá»–I TRáº NG THÃI & DÃ’NG Dá»® LIá»†U,1.2.,`app/social/SocialContext.tsx`,Cao,HoÃ n thÃ nh
ğŸ”´ CÃC Lá»–I NGHIÃŠM TRá»ŒNG - app/social,Lá»–I TRáº NG THÃI & DÃ’NG Dá»® LIá»†U,1.3.,`app/social/SocialContext.tsx`,Cao,HoÃ n thÃ nh
ğŸ”´ CÃC Lá»–I NGHIÃŠM TRá»ŒNG - app/social,Lá»–I Báº¤T Äá»’NG Bá»˜ / THá»œI GIAN,2.1.,`app/social/SocialContext.tsx`,Cao,ChÆ°a hoÃ n thÃ nh
ğŸ”´ CÃC Lá»–I NGHIÃŠM TRá»ŒNG - app/social,Lá»–I Báº¤T Äá»’NG Bá»˜ / THá»œI GIAN,2.2.,`app/social/page.tsx`,Cao,HoÃ n thÃ nh
ğŸ”´ CÃC Lá»–I NGHIÃŠM TRá»ŒNG - app/social,RÃ’ Rá»ˆ Bá»˜ NHá»š,3.1.,`app/social/SocialContext.tsx`,Cao,ChÆ°a hoÃ n thÃ nh
ğŸ”´ CÃC Lá»–I NGHIÃŠM TRá»ŒNG - app/social,RÃ’ Rá»ˆ Bá»˜ NHá»š,3.2.,`app/social/SocialContext.tsx`,Cao,ChÆ°a hoÃ n thÃ nh
ğŸ”´ CÃC Lá»–I NGHIÃŠM TRá»ŒNG - app/social,Lá»–I Báº¢O Máº¬T,4.1.,`app/social/SocialContext.tsx`,Cao,HoÃ n thÃ nh
ğŸŸ¡ CÃC Váº¤N Äá»€ Cáº¢NH BÃO - app/social,CODE QUALITY,5.1.,,Trung bÃ¬nh,ChÆ°a hoÃ n thÃ nh
ğŸŸ¡ CÃC Váº¤N Äá»€ Cáº¢NH BÃO - app/social,CODE QUALITY,5.2.,`app/social/SocialContext.tsx`,Trung bÃ¬nh,HoÃ n thÃ nh
ğŸŸ¡ CÃC Váº¤N Äá»€ Cáº¢NH BÃO - app/social,CODE QUALITY,5.3.,`app/social/SocialContext.tsx`,Trung bÃ¬nh,HoÃ n thÃ nh
ğŸ”´ CÃC Lá»–I NGHIÃŠM TRá»ŒNG - app/super-admin,Lá»–I TRáº NG THÃI & DÃ’NG Dá»® LIá»†U,1.1.,`app/super-admin/page.tsx`,Cao,HoÃ n thÃ nh
ğŸ”´ CÃC Lá»–I NGHIÃŠM TRá»ŒNG - app/super-admin,Lá»–I TRáº NG THÃI & DÃ’NG Dá»® LIá»†U,1.2.,`app/super-admin/page.tsx`,Cao,HoÃ n thÃ nh
ğŸ”´ CÃC Lá»–I NGHIÃŠM TRá»ŒNG - app/super-admin,Lá»–I Báº¢O Máº¬T,2.1.,`app/super-admin/layout.tsx`,Cao,ChÆ°a hoÃ n thÃ nh
ğŸ”´ CÃC Lá»–I NGHIÃŠM TRá»ŒNG - app/super-admin,Lá»–I Báº¢O Máº¬T,2.2.,`app/super-admin/SuperAdminLayoutClient.tsx`,Cao,ChÆ°a hoÃ n thÃ nh
ğŸŸ¡ CÃC Váº¤N Äá»€ Cáº¢NH BÃO - app/super-admin,CODE QUALITY,3.1.,`app/super-admin/page.tsx`,Trung bÃ¬nh,ChÆ°a hoÃ n thÃ nh
ğŸŸ¡ CÃC Váº¤N Äá»€ Cáº¢NH BÃO - app/super-admin,CODE QUALITY,3.2.,`app/super-admin/page.tsx`,Trung bÃ¬nh,ChÆ°a hoÃ n thÃ nh
ğŸ”´ CÃC Lá»–I NGHIÃŠM TRá»ŒNG - app/user,Lá»–I TRáº NG THÃI & DÃ’NG Dá»® LIá»†U,1.1.,`app/user/page.tsx`,Cao,HoÃ n thÃ nh
ğŸ”´ CÃC Lá»–I NGHIÃŠM TRá»ŒNG - app/user,Lá»–I TRáº NG THÃI & DÃ’NG Dá»® LIá»†U,1.2.,`app/user/page.tsx`,Cao,HoÃ n thÃ nh
ğŸ”´ CÃC Lá»–I NGHIÃŠM TRá»ŒNG - app/user,Lá»–I Báº¤T Äá»’NG Bá»˜ / THá»œI GIAN,2.1.,`app/user/UserLayoutClient.tsx`,Cao,HoÃ n thÃ nh
ğŸ”´ CÃC Lá»–I NGHIÃŠM TRá»ŒNG - app/user,Lá»–I Báº¤T Äá»’NG Bá»˜ / THá»œI GIAN,2.2.,`app/user/UserLayoutClient.tsx`,Cao,HoÃ n thÃ nh
ğŸ”´ CÃC Lá»–I NGHIÃŠM TRá»ŒNG - app/user,Lá»–I Báº¢O Máº¬T,3.1.,`app/user/layout.tsx`,Cao,HoÃ n thÃ nh
ğŸŸ¡ CÃC Váº¤N Äá»€ Cáº¢NH BÃO - app/user,CODE QUALITY,4.1.,`app/user/page.tsx`,Trung bÃ¬nh,ChÆ°a hoÃ n thÃ nh
ğŸ”´ CÃC Lá»–I NGHIÃŠM TRá»ŒNG - app (Global Files),Lá»–I Báº¢O Máº¬T,1.1.,`app/layout.tsx`,Cao,HoÃ n thÃ nh
ğŸ”´ CÃC Lá»–I NGHIÃŠM TRá»ŒNG - app (Global Files),Lá»–I Báº¢O Máº¬T,1.2.,`app/layout.tsx`,Cao,ChÆ°a hoÃ n thÃ nh
ğŸ”´ CÃC Lá»–I NGHIÃŠM TRá»ŒNG - app (Global Files),Lá»–I HIá»†U NÄ‚NG,2.1.,`app/components/common/PrefetchRoutes.tsx`,Cao,HoÃ n thÃ nh
ğŸ”´ CÃC Lá»–I NGHIÃŠM TRá»ŒNG - app (Global Files),Lá»–I HIá»†U NÄ‚NG,2.2.,`app/components/common/PrefetchRoutes.tsx`,Cao,HoÃ n thÃ nh
ğŸ”´ CÃC Lá»–I NGHIÃŠM TRá»ŒNG - app (Global Files),Lá»–I HYDRATION / SSR,3.1.,`app/layout.tsx`,Cao,ChÆ°a hoÃ n thÃ nh
ğŸŸ¡ CÃC Váº¤N Äá»€ Cáº¢NH BÃO - app (Global Files),CODE QUALITY,4.1.,`app/layout.tsx`,Trung bÃ¬nh,ChÆ°a hoÃ n thÃ nh
ğŸŸ¡ CÃC Váº¤N Äá»€ Cáº¢NH BÃO - app (Global Files),CODE QUALITY,4.2.,`app/providers.tsx`,Trung bÃ¬nh,ChÆ°a hoÃ n thÃ nh
ğŸŸ¡ CÃC Váº¤N Äá»€ Cáº¢NH BÃO - app (Global Files),CODE QUALITY,4.3.,`app/not-found.tsx`,Trung bÃ¬nh,ChÆ°a hoÃ n thÃ nh
ğŸ”´ CÃC Lá»–I NGHIÃŠM TRá»ŒNG - interface,TYPE SAFETY BUGS,1.1.,`interface/auth.ts`,Cao,HoÃ n thÃ nh
ğŸ”´ CÃC Lá»–I NGHIÃŠM TRá»ŒNG - interface,TYPE SAFETY BUGS,1.2.,`interface/students.ts`,Cao,HoÃ n thÃ nh
ğŸŸ¡ CÃC Váº¤N Äá»€ Cáº¢NH BÃO - interface,CODE QUALITY,2.1.,`interface/chat.ts`,Trung bÃ¬nh,ChÆ°a hoÃ n thÃ nh
ğŸŸ¡ CÃC Váº¤N Äá»€ Cáº¢NH BÃO - interface,CODE QUALITY,2.2.,`interface/common.ts`,Trung bÃ¬nh,ChÆ°a hoÃ n thÃ nh
ğŸ”´ CÃC Lá»–I NGHIÃŠM TRá»ŒNG - lib,Lá»–I Báº¢O Máº¬T,1.1.,`lib/utils/server-cookie-decrypt.ts`,Cao,HoÃ n thÃ nh
ğŸ”´ CÃC Lá»–I NGHIÃŠM TRá»ŒNG - lib,Lá»–I Báº¢O Máº¬T,1.2.,`lib/socket/client.ts`,Cao,HoÃ n thÃ nh
ğŸ”´ CÃC Lá»–I NGHIÃŠM TRá»ŒNG - lib,RÃ’ Rá»ˆ Bá»˜ NHá»šS,2.1.,`lib/utils/cookies.ts`,Cao,HoÃ n thÃ nh
ğŸ”´ CÃC Lá»–I NGHIÃŠM TRá»ŒNG - lib,RÃ’ Rá»ˆ Bá»˜ NHá»šS,2.2.,`lib/utils/cookies.ts`,Cao,ChÆ°a hoÃ n thÃ nh
ğŸ”´ CÃC Lá»–I NGHIÃŠM TRá»ŒNG - lib,Lá»–I Báº¤T Äá»’NG Bá»˜ / THá»œI GIAN,3.1.,`lib/utils/cookies.ts`,Cao,HoÃ n thÃ nh
ğŸ”´ CÃC Lá»–I NGHIÃŠM TRá»ŒNG - lib,Lá»–I Báº¤T Äá»’NG Bá»˜ / THá»œI GIAN,3.2.,`lib/api/auth.ts`,Cao,HoÃ n thÃ nh
ğŸ”´ CÃC Lá»–I NGHIÃŠM TRá»ŒNG - lib,Lá»–I HIá»†U NÄ‚NG,4.1.,`lib/utils/cookies.ts`,Cao,HoÃ n thÃ nh
ğŸŸ¡ CÃC Váº¤N Äá»€ Cáº¢NH BÃO - lib,CODE QUALITY,5.1.,"`lib/socket/client.ts`, `lib/socket/friend-client.ts`, `lib/socket/chat-client.ts`",Trung bÃ¬nh,ChÆ°a hoÃ n thÃ nh
ğŸŸ¡ CÃC Váº¤N Äá»€ Cáº¢NH BÃO - lib,CODE QUALITY,5.2.,`lib/api/users.ts`,Trung bÃ¬nh,HoÃ n thÃ nh
ğŸ“Š Æ¯á»šC LÆ¯á»¢NG TRUY Cáº¬P VÃ€ Láº¬P Káº¾ HOáº CH NÄ‚NG Lá»°C,News Detail Page,1.1.,,Tháº¥p,ChÆ°a hoÃ n thÃ nh
ğŸ“Š Æ¯á»šC LÆ¯á»¢NG TRUY Cáº¬P VÃ€ Láº¬P Káº¾ HOáº CH NÄ‚NG Lá»°C,News Detail Page,1.2.,,Tháº¥p,ChÆ°a hoÃ n thÃ nh
ğŸ“Š Æ¯á»šC LÆ¯á»¢NG TRUY Cáº¬P VÃ€ Láº¬P Káº¾ HOáº CH NÄ‚NG Lá»°C,News Detail Page,2.1.,,Tháº¥p,ChÆ°a hoÃ n thÃ nh
ğŸ“Š Æ¯á»šC LÆ¯á»¢NG TRUY Cáº¬P VÃ€ Láº¬P Káº¾ HOáº CH NÄ‚NG Lá»°C,News Detail Page,2.2.,,Tháº¥p,ChÆ°a hoÃ n thÃ nh
ğŸ“Š Æ¯á»šC LÆ¯á»¢NG TRUY Cáº¬P VÃ€ Láº¬P Káº¾ HOáº CH NÄ‚NG Lá»°C,News Detail Page,3.1.,,Tháº¥p,ChÆ°a hoÃ n thÃ nh
ğŸ“Š Æ¯á»šC LÆ¯á»¢NG TRUY Cáº¬P VÃ€ Láº¬P Káº¾ HOáº CH NÄ‚NG Lá»°C,News Detail Page,3.2.,,Tháº¥p,ChÆ°a hoÃ n thÃ nh
ğŸ“Š Æ¯á»šC LÆ¯á»¢NG TRUY Cáº¬P VÃ€ Láº¬P Káº¾ HOáº CH NÄ‚NG Lá»°C,News Detail Page,3.3.,,Tháº¥p,ChÆ°a hoÃ n thÃ nh
ğŸ“Š Æ¯á»šC LÆ¯á»¢NG TRUY Cáº¬P VÃ€ Láº¬P Káº¾ HOáº CH NÄ‚NG Lá»°C,News Detail Page,4.1.,,Tháº¥p,ChÆ°a hoÃ n thÃ nh
ğŸ“Š Æ¯á»šC LÆ¯á»¢NG TRUY Cáº¬P VÃ€ Láº¬P Káº¾ HOáº CH NÄ‚NG Lá»°C,News Detail Page,4.2.,,Tháº¥p,ChÆ°a hoÃ n thÃ nh
ğŸ“Š Æ¯á»šC LÆ¯á»¢NG TRUY Cáº¬P VÃ€ Láº¬P Káº¾ HOáº CH NÄ‚NG Lá»°C,News Detail Page,4.3.,,Tháº¥p,ChÆ°a hoÃ n thÃ nh
ğŸ“Š Æ¯á»šC LÆ¯á»¢NG TRUY Cáº¬P VÃ€ Láº¬P Káº¾ HOáº CH NÄ‚NG Lá»°C,News Detail Page,5.1.,,Tháº¥p,ChÆ°a hoÃ n thÃ nh
ğŸ“Š Æ¯á»šC LÆ¯á»¢NG TRUY Cáº¬P VÃ€ Láº¬P Káº¾ HOáº CH NÄ‚NG Lá»°C,News Detail Page,5.2.,,Tháº¥p,ChÆ°a hoÃ n thÃ nh
